Year,Month,Total
2016,1,485504
2016,2,485807
2016,3,486499
2016,4,487337
2016,5,488025
2016,6,489084
2016,7,489052
2016,8,489695
2016,9,489998
2016,10,490489
2016,11,490950
2016,12,488989
2017,1,488664
2017,2,489370
2017,3,489850
2017,4,490509
2017,5,491656
2017,6,492600
2017,7,493111
2017,8,494275
2017,9,495009
2017,10,495879
2017,11,496500
2017,12,495976
2018,1,495506
2018,2,495983
2018,3,496842
2018,4,497792
2018,5,498111
2018,6,499064
2018,7,499435
2018,8,500222
2018,9,500911
2018,10,501597
2018,11,501622
2018,12,500942
2019,1,500491
2019,2,501080
2019,3,502019
2019,4,503101
2019,5,503948
2019,6,504334
2019,7,504318
2019,8,505284
2019,9,505596
2019,10,506182
2019,11,506882
2019,12,506431
2020,1,506136
2020,2,506747
2020,3,507246
2020,4,507572
2020,5,508505
2020,6,509850
2020,7,510851
2020,8,512656
2020,9,514027
2020,10,515922
2020,11,517412
2020,12,518029
2021,1,519509
2021,2,520903
2021,3,522662
2021,4,524569
2021,5,527273
2021,6,528590
2021,7,530170
2021,8,531943
2021,9,532909
2021,10,534456
2021,11,536123
2021,12,536720
2022,1,537927
2022,2,538785
2022,3,539524
2022,4,541973
2022,5,543898
2022,6,544793
2022,7,545488
2022,8,546589
2022,9,547638
2022,10,548873
2022,11,549814
2022,12,549588
2023,1,550364
2023,2,550737
2023,3,551722
2023,4,552841
2023,5,553858
2023,6,554203
2023,7,554522
2023,8,555210
2023,9,555547
2023,10,555964
2023,11,556042
2023,12,555558
2024,1,555516
2024,2,555333
2024,3,556011
2024,4,556654
2024,5,557111
2024,6,557069
2024,7,556517
2024,8,556641
2024,9,556474
2024,10,556517
2024,11,556338
2024,12,555248
2025,1,555244
2025,2,555055
2025,3,555182
2025,4,555217
2025,5,555506
2025,6,554970
2025,7,554028
2025,8,554009
2025,9,553553
2025,10,553472
2025,11,553449
2025,12,552538
2026,1,552419
2026,2,552017
2026,3,551650
2026,4,551761
2026,5,551866
2026,6,551298
2026,7,550369
2026,8,548850