Year,Month,AnimalCentre
2016,1,1326
2016,2,1332
2016,3,1336
2016,4,1336
2016,5,1341
2016,6,1333
2016,7,1323
2016,8,1340
2016,9,1382
2016,10,1392
2016,11,1390
2016,12,1390
2017,1,1401
2017,2,1379
2017,3,1341
2017,4,1332
2017,5,1383
2017,6,1966
2017,7,2040
2017,8,2218
2017,9,2249
2017,10,2282
2017,11,2294
2017,12,2308
2018,1,2236
2018,2,2221
2018,3,2156
2018,4,2142
2018,5,2152
2018,6,2180
2018,7,2170
2018,8,2169
2018,9,2154
2018,10,2193
2018,11,2180
2018,12,2156
2019,1,2066
2019,2,2039
2019,3,2074
2019,4,2115
2019,5,2125
2019,6,2140
2019,7,2114
2019,8,2158
2019,9,2124
2019,10,2150
2019,11,2137
2019,12,2154
2020,1,2126
2020,2,2165
2020,3,2156
2020,4,2131
2020,5,2126
2020,6,2114
2020,7,2055
2020,8,2072
2020,9,2092
2020,10,2033
2020,11,2044
2020,12,2041
2021,1,1989
2021,2,1997
2021,3,2020
2021,4,2006
2021,5,1996
2021,6,2068
2021,7,2061
2021,8,2024
2021,9,2022
2021,10,2051
2021,11,2033
2021,12,1984
2022,1,1951
2022,2,1909
2022,3,1899
2022,4,1897
2022,5,1872
2022,6,1908
2022,7,1919
2022,8,1941
2022,9,1967
2022,10,1904
2022,11,1900
2022,12,1901
2023,1,1822
2023,2,1803
2023,3,1804
2023,4,1813
2023,5,1833
2023,6,1815
2023,7,1770
2023,8,1767
2023,9,1807
2023,10,1802
2023,11,1754
2023,12,1685
2024,1,1622
2024,2,1605
2024,3,1612
2024,4,1590
2024,5,1590
2024,6,1652
2024,7,1602
2024,8,1566
2024,9,1586
2024,10,1577
2024,11,1608
2024,12,1451
2025,1,1415
2025,2,1402
2025,3,1335
2025,4,1342
2025,5,1366
2025,6,1340
2025,7,1301
2025,8,1355
2025,9,1356
2025,10,1324
2025,11,1289
2025,12,1288
2026,1,1294
2026,2,1293
2026,3,1284
2026,4,1293
2026,5,1316
2026,6,1312
2026,7,1313
2026,8,1302